"current_gen","wedgeindex","attrib_value","min_value","max_value"
1,0,6.0523988040189565,0.0,10.0
1,1,1.4879756366455887,0.0,10.0
1,2,9.44848123150194,0.0,10.0
1,3,4.394971774050563,0.0,10.0
1,4,4.48469468822865,0.0,10.0
1,5,6.26178330749093,0.0,10.0
